{
  "in_domain_split": {
    "coverage": [
      0.8816816816816818,
      0.03700401633813662
    ],
    "width": [
      61.06072682031282,
      3.301073682055917
    ]
  },
  "cross_split": {
    "coverage": 0.4150375939849624,
    "width": 18.00271329315085
  },
  "cross_aci": {
    "coverage": [
      0.8396992481203007,
      0.002443319820943128
    ],
    "width": [
      63.576326346504956,
      2.2658111722368393
    ]
  },
  "cross_pbjci_online": {
    "coverage": [
      0.818045112781955,
      0.010287297068563643
    ],
    "width": [
      53.11124439892016,
      1.2342296122263683
    ]
  },
  "q_cross": 7.077751966876494,
  "alpha": 0.1
}