{
  "per_seed": {
    "42": {
      "macro_accuracy": 0.8053630512436418,
      "per_class_accuracy": {
        "Neoplastic": 0.8894339478020925,
        "Inflammatory": 0.7391435161969712,
        "Connective": 0.7749408075766302,
        "Dead": 0.13619167717528374,
        "Epithelial": 0.7415607985480944
      },
      "per_class_counting_mae": {
        "Neoplastic": 7.610291628020787,
        "Inflammatory": 2.0391332175287373,
        "Connective": 5.371723035683008,
        "Dead": 0.4796476493872906,
        "Epithelial": 2.058952813419174
      },
      "confusion_matrix": [
        [
          23208,
          645,
          1643,
          25,
          572
        ],
        [
          705,
          7370,
          1636,
          8,
          252
        ],
        [
          1966,
          1234,
          12110,
          19,
          298
        ],
        [
          216,
          217,
          242,
          108,
          10
        ],
        [
          1206,
          329,
          601,
          0,
          6129
        ]
      ],
      "total_matched": 60749
    },
    "100": {
      "macro_accuracy": 0.8049667170199698,
      "per_class_accuracy": {
        "Neoplastic": 0.889876217453727,
        "Inflammatory": 0.7585170340681363,
        "Connective": 0.7656512198270298,
        "Dead": 0.04025157232704402,
        "Epithelial": 0.7430801121814413
      },
      "per_class_counting_mae": {
        "Neoplastic": 6.712831406013739,
        "Inflammatory": 2.131682707424738,
        "Connective": 4.713066610634261,
        "Dead": 0.4506006425638889,
        "Epithelial": 1.8946601752656502
      },
      "confusion_matrix": [
        [
          22933,
          702,
          1565,
          2,
          569
        ],
        [
          716,
          7570,
          1478,
          0,
          216
        ],
        [
          1967,
          1369,
          11863,
          2,
          293
        ],
        [
          214,
          280,
          260,
          32,
          9
        ],
        [
          1180,
          369,
          558,
          0,
          6094
        ]
      ],
      "total_matched": 60241
    },
    "200": {
      "macro_accuracy": 0.8041047557521245,
      "per_class_accuracy": {
        "Neoplastic": 0.9037940379403794,
        "Inflammatory": 0.7613795869260076,
        "Connective": 0.7508844149996784,
        "Dead": 0.12609238451935081,
        "Epithelial": 0.7093829864914202
      },
      "per_class_counting_mae": {
        "Neoplastic": 8.736185537072954,
        "Inflammatory": 2.361283664923792,
        "Connective": 5.327611296090744,
        "Dead": 0.4668991220474299,
        "Epithelial": 1.9241182765357445
      },
      "confusion_matrix": [
        [
          23345,
          642,
          1409,
          22,
          412
        ],
        [
          785,
          7594,
          1383,
          3,
          209
        ],
        [
          2183,
          1416,
          11674,
          19,
          255
        ],
        [
          211,
          247,
          233,
          101,
          9
        ],
        [
          1412,
          399,
          577,
          0,
          5829
        ]
      ],
      "total_matched": 60369
    }
  },
  "aggregate": {
    "per_class_acc": {
      "Neoplastic": {
        "mean": 89.43680677320663,
        "std": 0.6667612585585829
      },
      "Inflammatory": {
        "mean": 75.3013379063705,
        "std": 0.9876854228364044
      },
      "Connective": {
        "mean": 76.38254808011128,
        "std": 0.9905469808719205
      },
      "Dead": {
        "mean": 10.084521134055953,
        "std": 4.304409169454592
      },
      "Epithelial": {
        "mean": 73.13412990736519,
        "std": 1.5539255603650377
      }
    },
    "per_class_mae": {
      "Neoplastic": {
        "mean": 7.68643619036916,
        "std": 0.8277837804241786
      },
      "Inflammatory": {
        "mean": 2.1773665299590887,
        "std": 0.1354264533986892
      },
      "Connective": {
        "mean": 5.137466980802671,
        "std": 0.30063623316978555
      },
      "Dead": {
        "mean": 0.4657158046662031,
        "std": 0.011887874252593736
      },
      "Epithelial": {
        "mean": 1.9592437550735229,
        "std": 0.07152326973203482
      }
    },
    "macro_acc_mean": 80.48115080052453,
    "macro_acc_std": 0.0525289929265731
  }
}